{"assets/app_icon.bmp":["assets/app_icon.bmp"],"assets/app_icon.ico":["assets/app_icon.ico"],"assets/app_icon.png":["assets/app_icon.png"],"assets/app_icon_white.bmp":["assets/app_icon_white.bmp"],"assets/app_icon_white.ico":["assets/app_icon_white.ico"],"assets/app_icon_white.png":["assets/app_icon_white.png"],"assets/fonts/IBMPlexMono-Medium.ttf":["assets/fonts/IBMPlexMono-Medium.ttf"],"assets/icon.svg":["assets/icon.svg"],"assets/toolbar/arrow.svg":["assets/toolbar/arrow.svg"],"assets/toolbar/arrow_white.svg":["assets/toolbar/arrow_white.svg"],"assets/toolbar/circle.svg":["assets/toolbar/circle.svg"],"assets/toolbar/circle_white.svg":["assets/toolbar/circle_white.svg"],"assets/toolbar/cleaning.svg":["assets/toolbar/cleaning.svg"],"assets/toolbar/eraser.svg":["assets/toolbar/eraser.svg"],"assets/toolbar/eraser_white.svg":["assets/toolbar/eraser_white.svg"],"assets/toolbar/filled_square.svg":["assets/toolbar/filled_square.svg"],"assets/toolbar/filled_square_white.svg":["assets/toolbar/filled_square_white.svg"],"assets/toolbar/layer_modifier.svg":["assets/toolbar/layer_modifier.svg"],"assets/toolbar/layer_modifier_white.svg":["assets/toolbar/layer_modifier_white.svg"],"assets/toolbar/move.svg":["assets/toolbar/move.svg"],"assets/toolbar/move_white.svg":["assets/toolbar/move_white.svg"],"assets/toolbar/pen.svg":["assets/toolbar/pen.svg"],"assets/toolbar/pen_white.svg":["assets/toolbar/pen_white.svg"],"assets/toolbar/redo.svg":["assets/toolbar/redo.svg"],"assets/toolbar/redo_white.svg":["assets/toolbar/redo_white.svg"],"assets/toolbar/shadow.svg":["assets/toolbar/shadow.svg"],"assets/toolbar/shadow_white.svg":["assets/toolbar/shadow_white.svg"],"assets/toolbar/slider_track.svg":["assets/toolbar/slider_track.svg"],"assets/toolbar/square.svg":["assets/toolbar/square.svg"],"assets/toolbar/square_white.svg":["assets/toolbar/square_white.svg"],"assets/toolbar/text.svg":["assets/toolbar/text.svg"],"assets/toolbar/text_num.svg":["assets/toolbar/text_num.svg"],"assets/toolbar/text_num_white.svg":["assets/toolbar/text_num_white.svg"],"assets/toolbar/text_white.svg":["assets/toolbar/text_white.svg"],"assets/toolbar/undo.svg":["assets/toolbar/undo.svg"],"assets/toolbar/undo_white.svg":["assets/toolbar/undo_white.svg"],"packages/cupertino_icons/assets/CupertinoIcons.ttf":["packages/cupertino_icons/assets/CupertinoIcons.ttf"]}